﻿<?xml version="1.0" encoding="utf-8"?>
<layout frameRate="30" version="3.0" screenwidth="1080">
       <image x="0" y="0" w="1080" h="1920" src="bg.png" /> 
 

	<!--时间-->

	<image x="360" y="600" w="75" h="78" src="'number_'+system.time.hour1+'.png'"/>

	<image x="440" y="600" w="75" h="78" src="'number_'+system.time.hour2+'.png'"/>

	<image x="495" y="600" w="75" h="78" src="colon.png"/>

	<image x="550" y="600" w="75" h="78" src="'number_'+system.time.min1+'.png'"/>

	<image x="630" y="600" w="75" h="78" src="'number_'+system.time.min2+'.png'"/> 



	<!--日期-->
	<text x="-10" y="430" w="1080" h="70" align="center" size="10" color="#FFFFFF" src="system.date"/>

	<!--am pm-->
	<text x="690" y="580" w="100" h="70" visible="system.time.showampm" align="center" size="10" color="#828282" src="system.time.ampm"/>
  

	<!--未读电话和短信-->
	<text x="655" y="1000" w="1080" h="66" align="left" size="8" color="#FFFFFF" src="system.message.text" visible="system.message.count gt 0"/>
   
	<text x="295" y="1000" w="1080" h="66" align="left" size="8" color="#FFFFFF" src="system.call.text"    visible="system.call.count gt 0"/>


	<image x="645" y="870" w="140" h="140" src="message.png" visible="system.message.count gt 0"/> 
	<image x="295" y="870" w="140" h="140" src="call.png"    visible="system.call.count gt 0"/>



	<!--充电显示--> 
        <text x="450" y="130" w="1080" h="80" align="left" size="10" color="#FFFFFF" src="system.charge.text" visible="system.charge.show and system.music_visible eq 0"/>
	<!--个性签名--> 
	<text x="300" y="293" w="470" h="80" align="center" size="12" color="#FFFFFF" src="system.ownerinfo.text" visible="!system.charge.show and 	system.ownerinfo.show" ellipsize="marquee"/>  

	<!--紧急呼叫-->  
	<emergency h="100" w="120" y="0" x="360" />
	




<!--解锁按钮-->
	<unlocker name="Unlock1">
		<StartPoint x="41" y="1500" w="250" h="250"/>
		<EndPoint x="785" y="1500" w="250" h="250">
			<Path x="744" y="0"/>
			<Intent type="default"/>
		</EndPoint>
	</unlocker>
 <image x="88" y="1560"  w="900" h="140" src="slideback.png"/>	
<image x="41 + system.Unlock1_moveX" y="1513" w="240" h="240" src="button.png" visible="true"/>
       <text x="0" y="1600" w="1080" h="70" align="center" size="14" color="#FFFFFF" src="system.unlocktip"  visible="system.press"/>


<!--normal layout-->
</layout>


