﻿<?xml version="1.0" encoding="utf-8"?>
<layout frameRate="30" version="3.0" screenwidth="1080">
 	
		
<!--时间显示-->	 	
<image x="411" y="1245" w="156" h="230" src="'number2_'+system.time.min1+'.png'"/> 
<image x="556" y="1245" w="156" h="230" src="'number2_'+system.time.min2+'.png'"/>
<!--<image x="360" y="632" w="42" h="188" src="colon.png"/>-->	
<image x="88" y="1245" w="156" h="230" src="'number_'+system.time.hour1+'.png'"/>
<image x="233" y="1245" w="156" h="230" src="'number_'+system.time.hour2+'.png'"/>
<image x="322" y="1245" w="156" h="230" src="dian.png"/>
<text x="88" y="1197" w="156" h="72" visible="system.time.showampm" align="center" size="14" color="#ffffff" src="system.time.ampm"/>

<!--日期显示-->			
<text x="88" y="1492" w="505" h="70" align="left" size="14" color="#ffffff" src="system.date"/>

<!--充电显示-->
<text x="0" y="1680+system.unlocker_moveY" w="1080" h="64" align="center" size="15" color="#ffffff" ChargingType="text" src="system.charge.text" visible="system.charge.show"/>

<!--个性签名-->
<text x="0" y="220+system.unlocker_moveY" w="1080" h="64" align="center" size="15" color="#ffffff" src="system.ownerinfo.text" visible="!system.charge.show and system.ownerinfo.show" ellipsize="marquee"/>



<!--个人信息<text x="0" y="860" w="1080" h="75" align="center" size="16" color="#6b6a68" src="system.ownerinfo.text" visible="!system.charge.show and system.ownerinfo.show" ellipsize="marquee"/>-->

		
	
<!--unread message and call log-->
<!--<text x="0" y="950" w="1080" h="66" align="center" size="16" color="#6b6a68" src="system.message.text" visible="system.message.count gt 0"/>-->
<!--<text x="0" y="1030" w="1080" h="66" align="center" size="16" color="#6b6a68" src="system.call.text" visible="system.call.count gt 0"/>	-->

<!--未读短信和未接电话-->
<image x="130" y="1600" w="90" h="90" src="message.png" visible="true"/>
<text x="95" y="1612" w="141" h="63" align="center" size="16" color="#ffffff" src="system.message.count" visible="system.message.count gt 0"/>

<image x="286" y="1600" w="90" h="90" src="call.png" visible="true"/>	
<text x="252" y="1612" w="141" h="63" align="center" size="16" color="#ffffff" src="system.call.count" visible="system.call.count gt 0"/>


<!--解锁
	<unlocker name="unlock1" visible="true">
		<StartPoint x="0" y="1590" w="1080" h="236"/>
		<EndPoint x="0" y="1173" w="1080" h="300">
			<Path x="0" y="-360"/>
			<Intent type="default"/>
		</EndPoint>
	</unlocker>

<image x="474" y="1688+system.unlock1_moveY" w="133" h="133" src="lock_normal.png" visible="system.unlocker1_state ne 0"/>

<image x="528" y="1649" w="25" h="25" src="circle1.png"/>
<image x="528" y="1617" w="25" h="25" src="circle2.png"/>
<image x="528" y="1585" w="25" h="25" src="circle3.png"/>

-->







<!--解锁-->
	<unlocker name="unlocker" visible="true">
		<StartPoint x="0" y="1590" w="1080" h="236">
		</StartPoint>
		<EndPoint x="0" y="0" w="1080" h="1240">
			<Path x="0" y="-500"/>
			<Intent type="default"/>
		</EndPoint>
				             
	</unlocker>
	
	<!--解锁图片拖拉	-->
<image x="474" y="1688+system.unlocker_moveY" w="133" h="133" name="lock" src="lock_normal.png" visible="system.unlocker1_state ne 0"/>

	
<!--解锁图片-->
<image x="405" y="1619+system.unlocker_moveY" w="272" h="272" src="lock_off_5.png">
	<animationset interval="800" delay="800" condition="!system.press">  
<animation type="alpha" interpolator="cycle" duration="1000" fromAlpha="0" toAlpha="1"/>
</animationset>
</image>

<image x="405" y="1619+system.unlocker_moveY" w="272" h="272" src="lock_off_4.png">
	<animationset interval="800" delay="600" condition="!system.press">  
<animation type="alpha" interpolator="cycle" duration="1000" fromAlpha="0" toAlpha="1"/>
</animationset>
</image>

<image x="405" y="1619+system.unlocker_moveY" w="272" h="272" src="lock_off_3.png">
	<animationset interval="800" delay="400" condition="!system.press">  
<animation type="alpha" interpolator="cycle" duration="1000" fromAlpha="0" toAlpha="1"/>
</animationset>
</image>

<image x="405" y="1619+system.unlocker_moveY" w="272" h="272" src="lock_off_2.png">
	<animationset interval="800" delay="200" condition="!system.press">  
<animation type="alpha" interpolator="cycle" duration="1000" fromAlpha="0" toAlpha="1"/>
</animationset>
</image>

<image x="405" y="1619+system.unlocker_moveY" w="272" h="272" src="lock_off_1.png">
	<animationset interval="800" condition="!system.press">  
<animation type="alpha" interpolator="cycle" duration="1000" fromAlpha="0" toAlpha="1"/>
</animationset>
</image>




         

<!--解锁图片小圆点-->
<image x="528" y="1649+system.unlocker_moveY" w="25" h="25" src="circle3.png">
	<animationset interval="800" condition="!system.press">  
<animation type="alpha" interpolator="linear" duration="1000" fromAlpha="0" toAlpha="1"/>
</animationset>
</image>

<image x="528" y="1617+system.unlocker_moveY" w="25" h="25" src="circle3.png">
	<animationset interval="800" delay="400" condition="!system.press">  
<animation type="alpha" interpolator="linear" duration="1000" fromAlpha="0" toAlpha="1"/>
</animationset>
</image>

<image x="528" y="1585+system.unlocker_moveY" w="25" h="25" src="circle3.png">
	<animationset interval="800" delay="800" condition="!system.press">  
<animation type="alpha" interpolator="linear" duration="1000" fromAlpha="0" toAlpha="1"/>
</animationset>
</image>




<!--滑动解锁
<text x="478" y="1803" w="171" h="42" align="center" size="12" color="#ffffff" src="system.unlocktip"/>	
	-->
	
<!--解锁相机
<image x="972" y="1831" w="89" h="68" src="camera.png"/>	
<unlocker name="unlock1" visible="true">
		<StartPoint x="970" y="1900" w="90" h="90"/>
		<EndPoint x="970" y="1900" w="90" h="90">
			<Path x="0" y="-250"/>
			<Intent type="camera"/>
		</EndPoint>
	</unlocker>
-->








<!--<image x="250" y="214" w="580" h="580" src="circle.png"/>-->
<!--<image x="489" y="1576+system.unlock1_moveY" w="102" h="127" src="lock_normal.png" visible="system.unlocker1_state ne 0"/>-->





<!--紧急呼叫-->
<emergency x="0" y="1493+system.unlocker_moveY" w="1080" h="100" align="center" size="8" color="#ffffff"/>



  
  
  
</layout>
